id,name,active,comment,cost_price,sale_price,in_barcode,out_barecode,image,category,to_display,unit,stock,manual_allowed
,Acier III Ø 10 (0.617 kg/m),true,,1,,,,,Acier III,true,m,,true
,Acier III Ø 12 (0.888 kg/m),true,,1,,,,,Acier III,true,m,,true
,Acier III Ø 14 (1.210 kg/m),true,,1,,,,,Acier III,true,m,,true
,Acier III Ø 16 (1.580 kg/m),true,,1,,,,,Acier III,true,m,,true
,Acier III Ø 18 (2.000 kg/m),true,,1,,,,,Acier III,true,m,,true
,Acier III Ø 20 (2.470 kg/m),true,,1,,,,,Acier III,true,m,,true
,Acier III Ø 8 (0.222 kg/m),true,,1,,,,,Acier III,true,m,,true
,Adesilex PG1 emb. 2 kg,true,,16.64,,,,adesilex-pg1.jpg,Adesilex,true,kg,,false
,Adesilex PG4 emb. 6 kg,true,,13.42,,,,adesilex-pg4.jpg,Adesilex,true,kg,,false
,Ancre plastique l. 200 mm,true,,0.31,,,,,HS,true,pce,,false
,Anneau ciment Ø 100 cm,true,,0,,,,,Anneau ciment,true,pce,,false
,Anneau ciment Ø 30 cm,true,,22,,,,,Anneau ciment,true,pce,,false
,Anneau ciment Ø 40 cm,true,,33.88,,,,,Anneau ciment,true,pce,,false
,Anneau ciment Ø 50 cm,true,,41.8,,,,,Anneau ciment,true,pce,,false
,Anneau ciment Ø 60 cm,true,,51.04,,,,,Anneau ciment,true,pce,,false
,Anneau ciment Ø 80 cm,true,,77.44,,,,,Anneau ciment,true,pce,,false
,armat. griprip 8.5/100 cm,true,,3.45,,,,,Briques et linteaux,true,m,,false
,Attache d'arrêt 15 cm,true,,2,,,,,Attache d'arrêt,true,pce,,true
,Attache d'arrêt 18 cm,true,,2.05,,,,,Attache d'arrêt,true,pce,,true
,Attache d'arrêt 20 cm,true,,2.05,,,,,Attache d'arrêt,true,pce,,true
,Attache d'arrêt 25 cm,true,,2.1,,,,,Attache d'arrêt,true,pce,,true
,Attache d'arrêt 30 cm,true,,2.15,,,,,Attache d'arrêt,true,pce,,true
,Baguette traingulaire 15x15mm,true,,0.4,,,,baguette-triangulaire.jpg,Bois,true,pce,,true
,Baguette traingulaire 20x20mm,true,,0.64,,,,baguette-triangulaire.jpg,Bois,true,pce,,true
,banderive,true,,0.4,,,,,Isolation,true,m,,false
,"Barra 57, sac de 25 kg",true,,5.34,,,,,Liants / Mortiers,true,kg,,false
,Barrafil lent sac de 8 kg,true,,27.88,,,,barrafil-lent.JPG,Liants / Mortiers,true,sac,,false
,"Barrapren, emb. 30 kg",true,,2.16,,,,barrapren.jpg,Divers,true,kg,,false
,Beton CP 150,true,,118.11,,,,,Mortiers et bétons frais,true,m3,,false
,Beton CP 150 à 300,true,,11,,,,,Mortiers et bétons frais,true,br,,false
,Beton CP 200,true,,128.34,,,,,Mortiers et bétons frais,true,m3,,false
,Beton CP 250,true,,138.57,,,,,Mortiers et bétons frais,true,m3,,false
,Beton CP 300,true,,148.8,,,,,Mortiers et bétons frais,true,m3,,false
,Betonamit,true,,21.3,,,,,Liants / Mortiers,true,kg,,false
,Bordure ciment chanfr. 2c 8x25x100 cm,true,,9,,,,,Bordure,true,pce,,false
,Bordure ciment chanfr. 2c 8x25x50xcm,true,,11.12,,,,,Bordure,true,pce,,false
,Bordure ciment chanfr. 3c 8x50x100xcm,true,,31.92,,,,,Bordure,true,pce,,false
,Bordure rb 15x25/10x12x100 cm,true,,23.27,,,,,Bordure,true,pce,,false
,Bordure rb 15x25/10x12x50 cm,true,,15.08,,,,,Bordure,true,pce,,false
,Bouchon ciment Ø 30 cm,true,,37.1,,,,,Bouchon ciment,true,pce,,false
,Bouchon ciment Ø 40 cm,true,,46.2,,,,,Bouchon ciment,true,pce,,false
,Bouchon ciment Ø 50 cm,true,,64.4,,,,,Bouchon ciment,true,pce,,false
,Bouchon ciment Ø 60 cm,true,,84.7,,,,,Bouchon ciment,true,pce,,false
,Bouchon ciment Ø 80 cm,true,,0,,,,,Bouchon ciment,true,pce,,false
,Bouchon de fermeture,true,,0.05,,,,,Divers,true,pce,,false
,Bouchon de sortie d'abri Ø 60 cm,true,,64.8,,,,,Produits ciment,true,pce,,false
,Bouchon PVC Ø 100 cm,true,,0.74,,,,,Bouchon PVC,true,pce,,false
,Bouchon PVC Ø 125 cm,true,,0.93,,,,,Bouchon PVC,true,pce,,false
,Bouchon PVC Ø 150 cm,true,,1.09,,,,,Bouchon PVC,true,pce,,false
,Bouchon PVC Ø 200 cm,true,,2.05,,,,,Bouchon PVC,true,pce,,false
,Brique ciment pleine DB 12.5,true,,1.33,,,,,Brique ciment,true,pce,,false
,Brique ciment pleine DB 15,true,,1.53,,,,,Brique ciment,true,pce,,false
,Brique ciment pleine DB 17.5,true,,1.86,,,,,Brique ciment,true,pce,,false
,"Brique ciment RAPID 10, pce",true,,1.67,,,,,Brique ciment,true,pce,,false
,"Brique ciment RAPID 10, pal",true,,16.74,,,,,Brique ciment,true,pal,,false
,"Brique ciment RAPID 12.5, pce",true,,1.7,,,,,Brique ciment,true,pce,,false
,"Brique ciment RAPID 12.5, pal",true,,17.02,,,,,Brique ciment,true,pal,,false
,"Brique ciment RAPID 15, pce",true,,1.79,,,,,Brique ciment,true,pce,,false
,"Brique ciment RAPID 15, pal",true,,17.92,,,,,Brique ciment,true,pal,,false
,"Brique ciment RAPID 17.5, pce",true,,1.97,,,,,Brique ciment,true,pce,,false
,"Brique ciment RAPID 17.5, pal",true,,19.66,,,,,Brique ciment,true,pal,,false
,"Brique ciment RAPID 20, pce",true,,2.83,,,,,Brique ciment,true,pce,,false
,"Brique ciment RAPID 20, pal",true,,28.34,,,,,Brique ciment,true,pal,,false
,Brique ciment RAPID 7.5,true,,1.58,,,,,Brique ciment,true,pce,,false
,"Brique coffra ép. 15 cm, 50/25 cm",true,,39.75,,,,,Briques et linteaux,true,pal,,false
,Brique terre cuite ME 10,true,,0.95,,,,,Brique terre cuite,true,pce,,false
,Brique terre cuite ME 12.5 pal. 144 pc,true,,1.01,,,,,Brique terre cuite,true,pce,,false
,Brique terre cuite ME 15 pal. 112 pc,true,,1.2,,,,,Brique terre cuite,true,pce,,false
,Brique terre cuite ME 17.5,true,,1.35,,,,,Brique terre cuite,true,pce,,false
,Brique terre cuite ME 20,true,,1.59,,,,,Brique terre cuite,true,pce,,false
,Brique terre cuite ME 6,true,,0.75,,,,,Brique terre cuite,true,pce,,false
,Brique terre cuite ME 7.5,true,,0.9,,,,,Brique terre cuite,true,pce,,false
,Brique terre cuite MXE 10,true,,1.53,,,,,Brique terre cuite,true,pce,,false
,Brique terre cuite MXE 12.5 ,true,,1.68,,,,,Brique terre cuite,true,pce,,false
,Brique terre cuite MXE 15,true,,1.99,,,,,Brique terre cuite,true,pce,,false
,Brique terre cuite MXE 17.5,true,,2.24,,,,,Brique terre cuite,true,pce,,false
,Brique terre cuite MXE 6,true,,1.25,,,,,Brique terre cuite,true,pce,,false
,Brique terre cuite MXE 7.5,true,,1.43,,,,,Brique terre cuite,true,pce,,false
,Brique terre cuite MXE REC 10,true,,1.87,,,,,Brique terre cuite,true,pce,,false
,Brique terre cuite MXE REC 12.5,true,,2.02,,,,,Brique terre cuite,true,pce,,false
,Brique terre cuite MXE REC 15,true,,2.39,,,,,Brique terre cuite,true,pce,,false
,Brique terre cuite MXE REC 17.5,true,,2.68,,,,,Brique terre cuite,true,pce,,false
,Brique terre cuite MXE REC 7.5,true,,1.71,,,,,Brique terre cuite,true,pce,,false
,Canaux schmidt 20/20,true,,136,,,,,Canaux,true,m,,false
,Canaux schmidt 25/25,true,,152,,,,,Canaux,true,m,,false
,Cape C20/20,true,,330,,,,,Cape,true,pce,,false
,Cape C25/25,true,,377,,,,,Cape,true,pce,,false
,Capote Flupp,true,,0.15,,,,,Divers,true,pce,,false
,"Carrelet 80/120mm, long. 4.00 m",true,,13,,,,,Bois,true,pce,,false
,Cermix Cermicol Extra flex blanc sac de 25 kg,true,,31.75,,,,cermix-cermicol-extraflex.gif,Cermix,true,sac,,false
,Cermix Cermicol Extra flex gris sac de 25 kg,true,,17,,,,cermix-cermicol-extraflex.gif,Cermix,true,sac,,false
,Cermix Cermifix HP blanc bidon de 3 kg,true,,4.7,,,,cermix-cermifix-hp-25.jpg,Cermix,true,kg,,false
,Cermix Cermijoint color gris sac de 5 kg,true,,1.34,,,,cermix-cermijoint.jpg,Cermix,true,sac,,false
,Chaux hydratée,true,,10,,,,,Liants / Mortiers,true,sac,,false
,Chaux hydraulique,true,,9.4,,,,,Liants / Mortiers,true,sac,,false
,Ciment blanc,true,,19.7,,,,ciment-blanc.jpg,Liants / Mortiers,true,sac,,false
,Ciment Fondu,true,,42.6,,,,ciment-fondu.jpg,Liants / Mortiers,true,sac,,false
,Ciment Lafarge,true,,35.18,,,,,Liants / Mortiers,true,sac,,false
,"Ciment Portland, sac de 25 kg",true,,5.44,,,,ciment-portland.jpg,Liants / Mortiers,true,sac,,false
,Ciment Prompt,true,,16.8,,,,ciment_prompt.jpg,Liants / Mortiers,true,sac,,false
,"Clous de 70 mm, 2.5kg/pqt",true,,2.64,,,,,Clous,true,pqt,,false
,"Clous de 80 mm, 2.5kg/pqt",true,,2.64,,,,,Clous,true,pqt,,false
,Colier galvanisé Ø 100,true,,4.1,,,,,Galvanisé,true,pce,,false
,Colier galvanisé Ø 125,true,,8,,,,,Galvanisé,true,pce,,false
,Colle brique terre cuite REC,true,,37.1,,,,,Liants / Mortiers,true,sac,,false
,Cône ciment Ø 100/60 cm,true,,155.76,,,,,Cône ciment,true,pce,,false
,Cône ciment Ø 80/60 cm,true,,111.76,,,,,Cône ciment,true,pce,,false
,Coude articulé,true,,0,,,,,Coude PE,true,pce,,false
,Coude PE Ø 100 mm,true,,63.75,,,,,Coude PE,true,pce,,false
,Coude PE Ø 120 mm,true,,84.75,,,,,Coude PE,true,pce,,false
,Coude PE Ø 55 mm,true,,23.85,,,,,Coude PE,true,pce,,false
,Coude PE Ø 60 mm court,true,,43.5,,,,,Coude PE,true,pce,,false
,Coude PE Ø 80 mm,true,,48.75,,,,,Coude PE,true,pce,,false
,Coude PVC ∅ 100mm 15deg,true,,1.28,,,,,Coude PVC ∅ 100mm,true,pce,,false
,Coude PVC ∅ 100mm 30deg,true,,1.28,,,,,Coude PVC ∅ 100mm,true,pce,,false
,Coude PVC ∅ 100mm 45deg,true,,1.28,,,,,Coude PVC ∅ 100mm,true,pce,,false
,Coude PVC ∅ 100mm 87deg,true,,1.28,,,,,Coude PVC ∅ 100mm,true,pce,,false
,Coude PVC ∅ 125mm 15deg,true,,1.92,,,,,Coude PVC ∅ 125mm,true,pce,,false
,Coude PVC ∅ 125mm 30deg,true,,1.92,,,,,Coude PVC ∅ 125mm,true,pce,,false
,Coude PVC ∅ 125mm 45deg,true,,1.92,,,,,Coude PVC ∅ 125mm,true,pce,,false
,Coude PVC ∅ 125mm 87deg,true,,1.92,,,,,Coude PVC ∅ 125mm,true,pce,,false
,Coude PVC ∅ 150mm 15deg,true,,2.75,,,,,Coude PVC ∅ 150mm,true,pce,,false
,Coude PVC ∅ 150mm 30deg,true,,2.75,,,,,Coude PVC ∅ 150mm,true,pce,,false
,Coude PVC ∅ 150mm 45deg,true,,2.75,,,,,Coude PVC ∅ 150mm,true,pce,,false
,Coude PVC ∅ 150mm 87deg,true,,2.75,,,,,Coude PVC ∅ 150mm,true,pce,,false
,Coude PVC ∅ 200mm 15deg,true,,5.92,,,,,Coude PVC ∅ 200mm,true,pce,,false
,Coude PVC ∅ 200mm 30deg,true,,5.92,,,,,Coude PVC ∅ 200mm,true,pce,,false
,Coude PVC ∅ 200mm 45deg,true,,5.92,,,,,Coude PVC ∅ 200mm,true,pce,,false
,Coude PVC ∅ 200mm 87deg,true,,5.92,,,,,Coude PVC ∅ 200mm,true,pce,,false
,Coude PVC ∅ 250mm 15deg,true,,25.6,,,,,Coude PVC ∅ 250mm,true,pce,,false
,Coude PVC ∅ 250mm 30deg,true,,25.6,,,,,Coude PVC ∅ 250mm,true,pce,,false
,Coude PVC ∅ 250mm 45deg,true,,25.6,,,,,Coude PVC ∅ 250mm,true,pce,,false
,Coude PVC ∅ 250mm 87deg,true,,25.6,,,,,Coude PVC ∅ 250mm,true,pce,,false
,Coude PVC ∅ 300mm 15deg,true,,41.6,,,,,Coude PVC ∅ 300mm,true,pce,,false
,Coude PVC ∅ 300mm 30deg,true,,41.6,,,,,Coude PVC ∅ 300mm,true,pce,,false
,Coude PVC ∅ 300mm 45deg,true,,41.6,,,,,Coude PVC ∅ 300mm,true,pce,,false
,Coude PVC ∅ 300mm 87deg,true,,41.6,,,,,Coude PVC ∅ 300mm,true,pce,,false
,Couvercle Begu Ø 60 cm 1 to ,true,,68.9,,,,,Couvercle Begu,true,pce,,false
,Couvercle Begu Ø 60 cm 3 to ,true,,75.4,,,,,Couvercle Begu,true,pce,,false
,Couvercle Begu Ø 60 cm 5 to ,true,,105.6,,,,,Couvercle Begu,true,pce,,false
,Couvercle en fonte 1 to Ø 60 cm,true,,132.6,,,,,Couvercle en fonte,true,pce,,false
,"Couvercle en fonte 1 to Ø 60 cm, inodore",true,,168,,,,,Couvercle en fonte,true,pce,,false
,Couvercle en fonte 1 to Ø 80 cm,true,,362.4,,,,,Couvercle en fonte,true,pce,,false
,"Couvercle en fonte 1 to Ø 80 cm, inodore",true,,366,,,,,Couvercle en fonte,true,pce,,false
,Couvercle en fonte 5 to Ø 60 cm,true,,171,,,,,Couvercle en fonte,true,pce,,false
,"Couvercle en fonte 5 to Ø 60 cm, inodore",true,,216,,,,,Couvercle en fonte,true,pce,,false
,Couvercle en fonte 5 to Ø 80 cm,true,,466.8,,,,,Couvercle en fonte,true,pce,,false
,"Couvercle en fonte 5 to Ø 80 cm, inodore",true,,528,,,,,Couvercle en fonte,true,pce,,false
,Dalle de jardin béton lavé sarina 6-12mm gris 50/50 cm,true,,31.61,,,,,Dalle,true,pce,,false
,Dalle de jardin parco fina sablé gris 50/50 cm,true,,31.01,,,,,Dalle,true,pce,,false
,Dalle de jardin parco lisse gris 50/50 cm,true,,31.01,,,,,Dalle,true,pce,,false
,Dalle de jardin sablées provence 50/50 cm,true,,41.99,,,,,Dalle,true,pce,,false
,Delta MS,true,,3.12,,,,delta-ms.gif,Divers,true,m2,,false
,Dinki 30 mm,true,,0.08,,,,,Divers,true,pce,,false
,"EBEA 120/15, L=125 cm",true,,39.02,,,,,EBEA,true,pce,,false
,"EBEA 150/15, L=125 cm",true,,39.79,,,,,EBEA,true,pce,,false
,Echelon pour sortie d'abri,true,,18.6,,,,,Produits ciment,true,pce,,false
,Embranchement Ø 100/100 cm,true,,2.88,,,,,Embranchement PVC,true,pce,,false
,Embranchement Ø 125/110 cm,true,,3.52,,,,,Embranchement PVC,true,pce,,false
,Embranchement Ø 125/125 cm,true,,3.84,,,,,Embranchement PVC,true,pce,,false
,Embranchement Ø 150/110 cm,true,,4.8,,,,,Embranchement PVC,true,pce,,false
,Embranchement Ø 150/125 cm,true,,5.12,,,,,Embranchement PVC,true,pce,,false
,Embranchement Ø 150/150 cm,true,,5.76,,,,,Embranchement PVC,true,pce,,false
,Embranchement Ø 200/110 cm,true,,9.28,,,,,Embranchement PVC,true,pce,,false
,Embranchement Ø 200/125 cm,true,,9.6,,,,,Embranchement PVC,true,pce,,false
,Embranchement Ø 200/150 cm,true,,9.92,,,,,Embranchement PVC,true,pce,,false
,Embranchement Ø 200/200 cm,true,,12.48,,,,,Embranchement PVC,true,pce,,false
,Embranchement Ø 250/250 cm,true,,60.16,,,,,Embranchement PVC,true,pce,,false
,Ferrofix 30mm (paquet de 100m),true,,0.31,,,,ferrofix-30mm.jpg,Divers,true,pqt,,false
,FI RIPA 130N,true,,9.9,,,,,FI RIPA,true,m,,false
,FI RIPA 140M,true,,18.11,,,,,FI RIPA,true,m,,false
,FI RIPA 140V,true,,22.53,,,,,FI RIPA,true,m,,false
,FI RIPA 180N,true,,9.9,,,,,FI RIPA,true,m,,false
,FI RIPA 240S,true,,33.66,,,,,FI RIPA,true,m,,false
,FI RIPA 90N,true,,9.9,,,,,FI RIPA,true,m,,false
,"Filtrapor, panneau filtrant, ép. 8 cm",true,,12.95,,,,,Gonon,true,m2,,false
,Fixation universelle 0/6-10 galv.,true,,43.45,,,,,Produits ciment,true,pce,,false
,Fixation universelle petite,true,,27.23,,,,,Produits ciment,true,pce,,false
,Fixit 140 enduit lisse sac de 30 kg,true,,19.47,,,,fixit-140.jpg,Fixit,true,sac,,false
,Fixit 140 plâtre int. sac de 30 kg,true,,15.56,,,,fixit-140.jpg,Fixit,true,sac,,false
,Fixit 400 lissage plâtre sac de 20 kg,true,,50.24,,,,fixit-400.jpg,Fixit,true,sac,,false
,Fixit 983 mortier à maçonner,true,,15.56,,,,,Fixit,true,sac,,false
,"Géotextile larg. 100 cm, long. 100 m",true,,0.7,,,,,Géotextile,true,m2,,false
,Géotextile larg. 400 cm,true,,0.7,,,,,Géotextile,true,m2,,false
,golsodrain 102x60x100,true,,29.9,,,,,Gonon,true,pce,,false
,goMaxiDrain S 125x60x50cm,true,,14,,,,,Gonon,true,pce,,false
,Gonon bandes de rive 120/8 mm go-pe,true,,0.36,,,,,Gonon,true,m,,false
,Gonon bandes de rive 150/8 mm go-pe,true,,0.45,,,,,Gonon,true,m,,false
,"gopaletti rouleau F20 800x100, ép. 20 mm",true,,3.3,,,,gopaletti-f20.jpg,Gonon,true,m2,,false
,goplan G bleu 100x50x14 cm,true,,28,,,,goplan-g-bleu.jpg,Gonon,true,pce,,false
,goplan G bleu 100x50x4 cm,true,,8,,,,goplan-g-bleu.jpg,Gonon,true,pce,,false
,goplan xps drain ép. 120+10 mm,true,,44.8,,,,goplan-xpsdrain.jpg,Gonon,true,pce,,false
,Gopor F15 ép. 10 mm 0.5m2/pl 50/100cm,true,,0.85,,,,gopor-f15.jpg,Gonon,true,pce,,false
,Gopor F15 ép. 100 mm 0.5m2/pl 50/100cm,true,,8.5,,,,,Gonon,true,pce,,false
,Gopor F15 ép. 150 mm 0.5m2/pl 50/100cm,true,,12.75,,,,,Gonon,true,pce,,false
,Gopor F15 ép. 20 mm 0.5m2/pl 50/100cm,true,,1.7,,,,,Gonon,true,pce,,false
,Gopor F30 ép. 30 mm 0.5m2/pl 50/100cm,true,,3.75,,,,,Gonon,true,pce,,false
,Gopor F30 ép. 40 mm 0.5m2/pl 50/100cm,true,,5,,,,,Gonon,true,pce,,false
,Gopor F30 ép. 50 mm 0.5m2/pl 50/100cm,true,,6.25,,,,,Gonon,true,pce,,false
,goroll t/se alukraft-pe ép. 22/20mm,true,,4.76,,,,goroll-alukraft.jpg,Gonon,true,m2,,false
,Goroll-t/se bandes de rive 120/8 mm,true,,0.86,,,,,Gonon,true,m,,false
,Goujons + gaine,true,,0,,,,,Aciers,true,pce,,false
,Granol 25  20 kg 21 s/pal.,true,,26.51,,,,,Granol,true,sac,,false
,Granol 270 30 kg 28s/pal,true,,10.43,,,,granol-270.png,Granol,true,sac,,false
,Granol 29 30 kg 28 s/pal.,true,,10.29,,,,granol-29.png,Granol,true,sac,,false
,Granol 300 30 kg 28s/pal.,true,,24.11,,,,granol-300.png,Granol,true,sac,,false
,Granol 303 40 kg 21 s/pal.,true,,34.78,,,,granol-303.png,Granol,true,sac,,false
,Granol 352 40 kg  24s/pal.,true,,10.62,,,,granol-352.png,Granol,true,sac,,false
,Granol 420  30 kg 21s/pal.,true,,25.8,,,,granol-420.png,Granol,true,sac,,false
,Granol 900 30 kg 21 s/pal,true,,12.97,,,,granol-900.png,Granol,true,sac,,false
,Granol Sonogrand 2000,true,,54.99,,,,granol-2000.png,Granol,true,sac,,false
,Granolin 12 lt ,true,,10.06,,,,granolin.png,Granol,true,litre,,false
,Grave I 0/63,true,,41,,,,,Sables et graviers,true,m3,,true
,Grave II 0/60,true,,29,,,,,Sables et graviers,true,m3,,true
,Gravier à béton 0-32,true,,44,,,,,Sables et graviers,true,m3,,true
,Gravier à béton 0-33,true,,6,,,,,Sables et graviers,true,br,,true
,Gravillon 16/32,true,,46,,,,,Sables et graviers,true,m3,,true
,Gravillon 32/50,true,,44,,,,,Sables et graviers,true,m3,,true
,Gravillon 4/8,true,,45,,,,,Sables et graviers,true,m3,,true
,Gravillon 8/16,true,,45,,,,,Sables et graviers,true,m3,,true
,Grille anti-mouche alu Ø 125 mm,true,,14.82,,,,,Grille diverses,true,pce,,false
,Grille anti-mouche alu Ø 150 mm,true,,22.07,,,,,Grille diverses,true,pce,,false
,Grille siphoïde 15/15 cm,true,,32.76,,,,,Grille diverses,true,pce,,false
,GV3,true,,7.5,,,,,Divers,true,m2,,false
,Huile de coffrage,true,,2.34,,,,,Divers,true,litre,,false
,"Isogran 25 enduit calorifuge, sac de 15 kg",true,,26.09,,,,isogran-25.png,Liants / Mortiers,true,sac,,false
,"Jackodur KF 300 gaufré GL, 40 mm",true,,12.03,,,,,Isolation,true,pce,,false
,Kalkogrand 170 30 kg 28 s/pal.,true,,11.28,,,,kalkogran-170.png,Liants / Mortiers,true,sac,,false
,"Kerakoll H40 tenax gris, sac de 25 kg",true,,1.22,,,,,Kerakoll,true,kg,,false
,Kerakoll idrobuild osmocem sac de 25 kg,true,,1.2,,,,kerakoll-osmocem.jpg,Kerakoll,true,kg,,false
,Kerakoll kerabuild R3 tixo sac de 25 kg,true,,0.93,,,,,Kerakoll,true,kg,,false
,Kerakoll kerabuild R4 anchor sac de 25 kg,true,,0.89,,,,,Kerakoll,true,kg,,false
,"Kerakoll rekord pronto p. chape, sac de 30 kg",true,,0.55,,,,,Kerakoll,true,kg,,false
,Kerakoll unikorikrea sac de 25 kg,true,,1.28,,,,,Kerakoll,true,kg,,false
,"Lambourde 27/60mm, long, 4.00 m",true,,0.7,,,,,Bois,true,m,,false
,Lampocem 25 kg,true,,21.25,,,,Lampocem_25kg.jpg,Liants / Mortiers,true,sac,,false
,Lamposilex 5 kg,true,,24.5,,,,lamposilex.jpg,Liants / Mortiers,true,sac,,false
,"Latte à tuile 27/40mm, long. 4.00 m",true,,0.5,,,,latte-tuile.jpg,Bois,true,m,,false
,Ligature 12 cm,true,,3.55,,,,,Ligature,true,pqt,,false
,Ligature 14 cm,true,,4.75,,,,,Ligature,true,pqt,,false
,Ligature 16 cm,true,,5.3,,,,,Ligature,true,pqt,,false
,Limon,true,,30,,,,,Sables et graviers,true,m3,,true
,Linteau ciment larg. 10,true,,15.86,,,,,Linteau ciment,true,m,,false
,Linteau ciment larg. 12,true,,18.53,,,,,Linteau ciment,true,m,,false
,Linteau ciment larg. 15,true,,23.85,,,,,Linteau ciment,true,m,,false
,Linteau ciment larg. 17.5,true,,27.3,,,,,Linteau ciment,true,m,,false
,Linteau plat YTONG plat 12.5x12.5x100 cm,true,,32.3,,,,,Linteau plat,true,m,,false
,Linteau plat YTONG plat 15x12.5x100 cm,true,,36.55,,,,,Linteau plat,true,m,,false
,Linteau terre cuite stalthon larg. 10,true,,12.48,,,,,Linteau terre cuite,true,m,,false
,Linteau terre cuite stalthon larg. 12,true,,14.82,,,,,Linteau terre cuite,true,m,,false
,Linteau terre cuite stalthon larg. 15,true,,18.01,,,,,Linteau terre cuite,true,m,,false
,Linteau terre cuite stalthon larg. 17.5,true,,20.48,,,,,Linteau terre cuite,true,m,,false
,Linteau terre cuite stalthon larg. 7.5,true,,15.85,,,,,Linteau terre cuite,true,m,,false
,Manchon PE Ø 100 mm,true,,11.61,,,,,Manchon PE,true,pce,,false
,Manchon PE Ø 120 mm,true,,13.23,,,,,Manchon PE,true,pce,,false
,Manchon PE Ø 55 mm,true,,5.9,,,,,Manchon PE,true,pce,,false
,Manchon PE Ø 60 mm,true,,7.56,,,,,Manchon PE,true,pce,,false
,Manchon PE Ø 80 mm,true,,9.09,,,,,Manchon PE,true,pce,,false
,Manchon PVC Ø 100 cm,true,,1.31,,,,,Manchon PVC,true,pce,,false
,Manchon PVC Ø 125 cm,true,,1.92,,,,,Manchon PVC,true,pce,,false
,Manchon PVC Ø 150 cm,true,,2.75,,,,,Manchon PVC,true,pce,,false
,Manchon PVC Ø 200 cm,true,,5.5,,,,,Manchon PVC,true,pce,,false
,Manchon PVC Ø 250 cm,true,,15.68,,,,,Manchon PVC,true,pce,,false
,Manchon PVC Ø 300 cm,true,,24.32,,,,,Manchon PVC,true,pce,,false
,MAPEBAND bande d'étanchéité 150/1,true,,5.9,,,,,Mapeband,true,m,,false
,MAPEBAND bande d'étanchéité 200/1,true,,7.07,,,,,Mapeband,true,m,,false
,Mapegrout rapid mortier fibre sac de 25 kg,true,,30.18,,,,,Liants / Mortiers,true,sac,,false
,Mapei keraflex gris sac de 25 kg,true,,19,,,,,Colle carrelages,true,sac,,false
,Marches d'escalier L parco 100/40/15 cm grise talochée,true,,51.2,,,,,Escalier,true,pce,,false
,"Marches d'escalier L parco 100/40/15 cm sablé, gris",true,,72.8,,,,,Escalier,true,pce,,false
,"Marmoran ISO  mortier KK70, sac de 30 kg",true,,56.4,,,,,Liants / Mortiers,true,sac,,false
,Masterflex-3000 larg. 20 cm,true,,8.52,,,,masterflex-3000.jpg,Étanchéité,true,m,,false
,Masterflow 928,true,,36.1,,,,masterflow928.jpg,Liants / Mortiers,true,sac,,false
,"Masterflow 980 mortier de scellement, sac de 25 kg",true,,36.1,,,,masterflow980.jpg,Liants / Mortiers,true,sac,,false
,Mortier,true,,11,,,,,Mortiers et bétons frais,true,br,,false
,Mousse de montage sika,true,,11.65,,,,,Divers,true,pce,,false
,"Multiline V100 drainlock cadre acier, l=100 cm",true,,68.8,,,,,Multiline,true,pce,,false
,"Multiline V100 grille caillebotis B125, l=100 cm",true,,42.4,,,,,Multiline,true,pce,,false
,Multiline V100 plaque frontale combi,true,,18.4,,,,,Multiline,true,pce,,false
,Multiline V100 plaque frontale sortie,true,,31.2,,,,,Multiline,true,pce,,false
,Paniers de supports H=13 cm,true,,2.59,,,,,Paniers de supports,true,pce,,false
,Paniers de supports H=15 cm,true,,2.59,,,,,Paniers de supports,true,pce,,false
,Paniers de supports H=17 cm,true,,2.91,,,,,Paniers de supports,true,pce,,false
,Paniers de supports H=18 cm,true,,2.85,,,,,Paniers de supports,true,pce,,false
,Paniers de supports H=20 cm,true,,2.64,,,,,Paniers de supports,true,pce,,false
,Paniers de supports H=22 cm,true,,4.2,,,,,Paniers de supports,true,pce,,false
,Paniers de supports H=30 cm,true,,4.28,,,,,Paniers de supports,true,pce,,false
,Paniers de supports H=40 cm,true,,5.72,,,,,Paniers de supports,true,pce,,false
,Paniers de supports H=8 cm,true,,2.36,,,,,Paniers de supports,true,pce,,false
,"Panneau de coffrage, 27mm, ",true,,18,,,,,Bois,true,m2,,false
,Panneau de socle en XPS jaune 125x60x14 cm,true,,32.2,,,,,Isolation,true,pce,,false
,Panneau ISOVER PBM 035 40 mm,true,,5.53,,,,isover-pbm-035.jpg,Isolation,true,pce,,false
,"Panneau ISOVER PBM 2 a. papier, 80 mm",true,,11.05,,,,,Isolation,true,pce,,false
,"Pavé en béton chanfreiné carena ép. 8 cm 25/25, anthracite",true,,33.8,,,,,Pavé,true,pce,,false
,"Pavé en béton chanfreiné carena ép. 8 cm 25/25, gris",true,,29.19,,,,,Pavé,true,pce,,false
,"Pavé en béton classic, ép. 6 cm, 20/10 cm, gris",true,,23.1,,,,,Pavé,true,pce,,false
,"Pavé en béton classic, ép. 6 cm, 20/20 cm, gris",true,,23.1,,,,,Pavé,true,pce,,false
,Pavé granit 11/13,true,,263.5,,,,,Pavé,true,pce,,false
,PCI gisogrund 1819 primaire et couche de fond emb. de 5l,true,,12.66,,,,,Colle carrelages,true,litre,,false
,"Planche 27mm, brute ",true,,1.85,,,,,Bois,true,m,,false
,"Planche 27mm, rabottée",true,,2.1,,,,,Bois,true,m,,false
,Plastique 18kg/rlx = 100 m2,true,,0.55,,,,,Divers,true,rlx,,false
,"Plateau 50/300mm, long. 4.00m",true,,19.2,,,,,Bois,true,pce,,false
,Prestocem  sac de 25 kg,true,,11.7,,,,prestocem.jpg,Liants / Mortiers,true,sac,,false
,"Pronouvo ép. 5 mm, larg. 120mm",true,,5.27,,,,,Pronouvo,true,m,,false
,"Pronouvo ép. 5 mm, larg. 150mm",true,,6.63,,,,,Pronouvo,true,m,,false
,PV pour 4 battues AK-80,true,,3.51,,,,,SW,true,m2,,false
,PV pour 4 battues AK-80,true,,3.96,,,,,HS,true,m2,,false
,Raccord PVC/ciment Ø 150/125mm,true,,22.5,,,,,Raccord PVC/ciment,true,pce,,false
,Raccord PVC/ciment Ø 150/150mm,true,,32,,,,,Raccord PVC/ciment,true,pce,,false
,Raccord PVC/ciment Ø 200/150mm,true,,50.5,,,,,Raccord PVC/ciment,true,pce,,false
,"Rail Schlüter alu eloxe de 2.5 m, AE 80, 8mm",true,,1.19,,,,,Colle carrelages,true,m,,false
,"Rail Schlüter E100, 10mm",true,,12.65,,,,,Colle carrelages,true,m,,false
,Réduction PVC Ø 125/100 cm,true,,1.28,,,,,Réduction PVC,true,pce,,false
,Réduction PVC Ø 150/100 cm,true,,1.82,,,,,Réduction PVC,true,pce,,false
,Réduction PVC Ø 150/125 cm,true,,2.3,,,,,Réduction PVC,true,pce,,false
,Réduction PVC Ø 200/125 cm,true,,5.44,,,,,Réduction PVC,true,pce,,false
,Réduction PVC Ø 200/150 cm,true,,4.03,,,,,Réduction PVC,true,pce,,false
,Réduction PVC Ø 250/150 cm,true,,21.12,,,,,Réduction PVC,true,pce,,false
,Rivalcoll unités de 2 kg,true,,20.82,,,,,Rivalcoll,true,kg,,false
,Rivalcoll unités de 6 kg,true,,16.46,,,,,Rivalcoll,true,kg,,false
,"Sabajoint 5x19 mm, L=25cm (25m/rouleau)",true,,0.32,,,,,Divers,true,m,,false
,Sable de quartz 0.4 - 0.8 mm sac de 25 kg,true,,7.1,,,,,Liants / Mortiers,true,sac,,false
,Sable lavé à la brouette,true,,5,,,,,Sables et graviers,true,br,,true
,Sable lavé au m³,true,,33,,,,,Sables et graviers,true,m3,,true
,Sakret,true,,22.05,,,,sakret.png,Liants / Mortiers,true,sac,,false
,"SAM griffes béton propre, larg. 15 cm",true,,0.68,,,,,SAM griffes béton,true,pqt,,false
,"SAM griffes béton propre, larg. 18 cm",true,,0.7,,,,,SAM griffes béton,true,pqt,,false
,"SAM griffes béton propre, larg. 20 cm",true,,0.73,,,,,SAM griffes béton,true,pqt,,false
,"SAM griffes béton propre, larg. 25 cm",true,,0.8,,,,,SAM griffes béton,true,pqt,,false
,"SAM griffes normal, larg. 18 cm",true,,0.49,,,,,SAM griffes normal,true,pqt,,false
,"SAM griffes normal, larg. 20 cm",true,,0.51,,,,,SAM griffes normal,true,pqt,,false
,"SAM griffes normal, larg. 25 cm",true,,0.54,,,,,SAM griffes normal,true,pqt,,false
,"SAM griffes normal, larg. 30 cm",true,,0.66,,,,,SAM griffes normal,true,pqt,,false
,"SAM griffes normal, larg. 35 cm",true,,0.7,,,,,SAM griffes normal,true,pqt,,false
,Saut de loup armé 140/80cm H=150cm,true,,415.25,,,,,Saut de loup,true,pce,,false
,Saut de loup armé 210/80cm H=100cm,true,,409.75,,,,,Saut de loup,true,pce,,false
,Saut de loup armé 210/80cm H=50cm,true,,308,,,,,Saut de loup,true,pce,,false
,Saut de loup non abri 100/60cm H=100cm,true,,212.3,,,,,Saut de loup,true,pce,,false
,Saut de loup non abri 100/60cm H=125cm,true,,233.75,,,,,Saut de loup,true,pce,,false
,Saut de loup non abri 100/60cm H=75cm,true,,154.55,,,,,Saut de loup,true,pce,,false
,Saut de loup non abri 120/60cm H=125cm,true,,252.45,,,,,Saut de loup,true,pce,,false
,Saut de loup non abri 120/60cm H=150cm,true,,327.25,,,,,Saut de loup,true,pce,,false
,Saut de loup non abri 140/60cm H=150cm,true,,360.25,,,,,Saut de loup,true,pce,,false
,Saut de loup non abri 140/60cm H=20cm,true,,156.75,,,,,Saut de loup,true,pce,,false
,Saut de loup non abri 80/60cm H=125cm,true,,211.2,,,,,Saut de loup,true,pce,,false
,Saut de loup non abri 80/60cm H=150cm,true,,246.4,,,,,Saut de loup,true,pce,,false
,Saut de loup non abri 80/60cm H=20cm,true,,117.15,,,,,Saut de loup,true,pce,,false
,scotch,true,,5,,,,scotch.jpg,Divers,true,pce,,false
,silicone,true,,6,,,,,Divers,true,pce,,false
,"Sortie de secours Ø 100 cm, rond",true,,546,,,,,Produits ciment,true,pce,,false
,Spray de marquage,true,,7.84,,,,spray-marquage.jpg,Divers,true,pce,,false
,Styrodur 2800 XPS ép. 20 mm 60/125,true,,6,,,,,Styrodur,true,pce,,false
,Styrodur 2800 XPS ép. 30 mm 60/125,true,,7,,,,,Styrodur,true,pce,,false
,Styrodur 2800 XPS ép. 40 mm 60/125,true,,8,,,,,Styrodur,true,pce,,false
,Styrodur 2800 XPS ép. 50 mm 60/125,true,,10,,,,,Styrodur,true,pce,,false
,Styrodur 2800 XPS ép. 60 mm 60/125,true,,12,,,,,Styrodur,true,pce,,false
,Styrodur 3035 CS XPS R ép. 50 mm 60/125,true,,10,,,,,Styrodur,true,pce,,false
,"Styrofoam, ép. 80 mm, 60/125",true,,27.7,,,,,Styrodur,true,pce,,false
,Tilca tampon plaque isolation IP 80,true,,0.26,,,,,Isolation,true,pce,,false
,Treillis B 335 (5.34 kg/m2),true,,1.19,,,,,Treillis,true,pce,,false
,"Treillis d'armature marmoran, 50m2/rlx",true,,3.4,,,,,Liants / Mortiers,true,m2,,false
,Treillis K 131 (2.10 kg/m2),true,,0.96,,,,,Treillis,true,pce,,false
,Treillis K 188 (3.02 kg/m2),true,,1.17,,,,,Treillis,true,pce,,false
,Treillis K 335 (5.37 kg/m2),true,,1.13,,,,,Treillis,true,pce,,false
,Tube ciment Ø 100 cm,true,,113.08,,,,,Tube ciment,true,pce,,false
,"Tube ciment Ø 100 cm, avec fond",true,,195.36,,,,,Tube ciment,true,pce,,false
,Tube ciment Ø 30 cm,true,,22,,,,,Tube ciment,true,pce,,false
,Tube ciment Ø 40 cm,true,,33.88,,,,,Tube ciment,true,pce,,false
,Tube ciment Ø 50 cm,true,,41.8,,,,,Tube ciment,true,pce,,false
,Tube ciment Ø 60 cm,true,,51.04,,,,,Tube ciment,true,pce,,false
,Tube ciment Ø 80 cm,true,,76.12,,,,,Tube ciment,true,pce,,false
,Tube distanceur Dridu 18 cm,true,,0.3,,,,,Tube distanceur,true,pce,,true
,Tube distanceur Dridu 20 cm,true,,0.3,,,,,Tube distanceur,true,pce,,true
,Tube distanceur Dridu 25 cm,true,,0.35,,,,,Tube distanceur,true,pce,,true
,Tube distanceur Dridu 30 cm,true,,0.38,,,,,Tube distanceur,true,pce,,true
,Tuyau ciment Ø 100 cm,true,,163.68,,,,,Tuyau ciment,true,pce,,false
,Tuyau ciment Ø 30 cm,true,,29.04,,,,,Tuyau ciment,true,pce,,false
,Tuyau ciment Ø 40 cm,true,,41.36,,,,,Tuyau ciment,true,pce,,false
,Tuyau ciment Ø 50 cm,true,,59.84,,,,,Tuyau ciment,true,pce,,false
,Tuyau ciment Ø 60 cm,true,,75.24,,,,,Tuyau ciment,true,pce,,false
,Tuyau ciment Ø 80 cm,true,,106.92,,,,,Tuyau ciment,true,pce,,false
,Tuyau PE Ø 100/112 mm,true,,4.33,,,,,Tuyau PE,true,m,,false
,Tuyau PE Ø 120/132 mm,true,,5.1,,,,,Tuyau PE,true,m,,false
,Tuyau PE Ø 55 mm,true,,2.35,,,,,Tuyau PE,true,m,,false
,Tuyau PE Ø 60/72 mm,true,,2.84,,,,,Tuyau PE,true,m,,false
,Tuyau PE Ø 80/92 mm,true,,3.67,,,,,Tuyau PE,true,m,,false
,Tuyau PVC Ø 100 cm,true,,3.14,,,,,Tuyau PVC,true,m,,false
,Tuyau PVC Ø 125 cm,true,,3.6,,,,,Tuyau PVC,true,m,,false
,Tuyau PVC Ø 150 cm,true,,4.54,,,,,Tuyau PVC,true,m,,false
,Tuyau PVC Ø 200 cm,true,,6.48,,,,,Tuyau PVC,true,m,,false
,Tuyau PVC Ø 250 cm,true,,11.42,,,,,Tuyau PVC,true,m,,false
,Tuyau PVC Ø 300 cm,true,,18.54,,,,,Tuyau PVC,true,m,,false
,Tuyau PVC perforé Ø 100 cm,true,,3.4,,,,,Tuyau PVC perforé,true,m,,false
,Tuyau PVC perforé Ø 125 cm,true,,3.88,,,,,Tuyau PVC perforé,true,m,,false
,Tuyau PVC perforé Ø 150 cm,true,,4.92,,,,,Tuyau PVC perforé,true,m,,false
,TV concassé jaune 0/16,true,,39,,,,,Sables et graviers,true,m3,,true
,TV concassé jaune 0/32,true,,39,,,,,Sables et graviers,true,m3,,true
,TV recyclé 0/63,true,,24,,,,,Sables et graviers,true,m3,,true
,Unitex-HS/3 ép. 150 mm 200/60 cm,true,,40.35,,,,,HS,true,pce,,false
,Unitex-SW/3 ép. 100 mm 200/60 cm,true,,40.85,,,,,SW,true,pce,,false
,V60,true,,3.32,,,,,Divers,true,rlx,,false
,Ytong armyt 10 50m1/rlx,true,,60.35,,,,,YTONG,true,rlx,,false
,Ytong armyt 23 50m1/rlx,true,,110.5,,,,,YTONG,true,rlx,,false
,Ytong bloc chaînage 30x25x62.5 cm,true,,43.2,,,,,YTONG,true,m,,false
,Ytong bloc d'embrasure P 30x25x62.5 cm,true,,91.2,,,,ytong-bloc-embrasure.jpg,YTONG,true,pce,,false
,Ytong équerre d'ancrage,true,,4.25,,,,,YTONG,true,pce,,false
,Ytong mortier-colle  isolant sac de 18 kg,true,,14.45,,,,,Liants / Mortiers,true,sac,,false
,Ytong mortier-colle au kg,true,,1.5,,,,ytong-mortier-colle.jpg,Liants / Mortiers,true,kg,,false
,Ytong mortier-colle sac de 14.5 kg,true,,21.68,,,,ytong-mortier-colle.jpg,Liants / Mortiers,true,sac,,false
,YTONG P 12.5x25x62.5 cm,true,,39.2,,,,,YTONG,true,pce,,false
,YTONG P 15x25x62.5 cm,true,,40,,,,,YTONG,true,pce,,false
,YTONG P Superthermo P ép. 12.5 cm,true,,39.2,,,,,YTONG,true,pce,,false
,"YTONG P Superthermo P ép. 17.5 cm, 6.56 pce/m2",true,,41.6,,,,,YTONG,true,pce,,false
,YTONG P Superthermo P ép. 25 cm,true,,57.6,,,,,YTONG,true,pce,,false
,Ytong renova 10x37.5x62.5cm,true,,34.4,,,,,YTONG,true,pce,,false
,Ytong tête de dalle PL 10x22x62.5 cm,true,,13.2,,,,ytong-tete-dalle.jpg,YTONG,true,m,,false
,Ytong Thermobloc 09 30x25x62.5 cm,true,,80.8,,,,Ytong_Thermobloc.jpg,YTONG,true,m2,,false
